67610	Missionary's Cookbook[1]
67600	Missionary's Cookbook[2]
67650	Missionary's Cookbook[3]
67640	Missionary's Cookbook[4]
67630	Missionary's Cookbook[5]
67130	Missionary's Cookbook[6]
68230	Missionary's Cookbook[7]
67000	Nomadic warrior's Cookbook[1]
67110	Nomadic warrior's Cookbook[2]
67010	Nomadic warrior's Cookbook[3]
67800	Nomadic warrior's Cookbook[4]
67830	Nomadic warrior's Cookbook[5]
67020	Nomadic warrior's Cookbook[6]
67050	Nomadic warrior's Cookbook[7]
67880	Nomadic warrior's Cookbook[8]
67430	Nomadic warrior's Cookbook[9]
67030	Nomadic warrior's Cookbook1[0]
67220	Nomadic warrior's Cookbook1[1]
67060	Nomadic warrior's Cookbook1[2]
67080	Nomadic warrior's Cookbook1[3]
67870	Nomadic warrior's Cookbook1[4]
67900	Nomadic warrior's Cookbook1[5]
67290	Nomadic warrior's Cookbook1[6]
67100	Nomadic warrior's Cookbook1[7]
67270	Nomadic warrior's Cookbook1[8]
67070	Nomadic warrior's Cookbook1[9]
67230	Nomadic warrior's Cookbook2[0]
67120	Nomadic warrior's Cookbook2[1]
67890	Nomadic warrior's Cookbook2[2]
67090	Nomadic warrior's Cookbook2[3]
67910	Nomadic warrior's Cookbook2[4]
67200	Armorer's Cookbook[1]
67210	Armorer's Cookbook[2]
67280	Armorer's Cookbook[3]
67260	Armorer's Cookbook[4]
67310	Armorer's Cookbook[5]
67300	Armorer's Cookbook[6]
67250	Armorer's Cookbook[7]
68000	Ancient Dragon Apostle's Cookbook[1]
68010	Ancient Dragon Apostle's Cookbook[2]
68030	Ancient Dragon Apostle's Cookbook[3]
68020	Ancient Dragon Apostle's Cookbook[4]
68200	Fevors Cookbook[1]
68220	Fevors Cookbook[2]
68210	Fevors Cookbook[3]
67840	Perfumer's Cookbook[1]
67850	Perfumer's Cookbook[2]
67860	Perfumer's Cookbook[3]
67920	Perfumer's Cookbook[4]
67410	Glintstone Craftman's Cookbook[1]
67450	Glintstone Craftman's Cookbook[2]
67480	Glintstone Craftman's Cookbook[3]
67400	Glintstone Craftman's Cookbook[4]
67420	Glintstone Craftman's Cookbook[5]
67460	Glintstone Craftman's Cookbook[6]
67470	Glintstone Craftman's Cookbook[7]
67440	Glintstone Craftman's Cookbook[8]
68400	Frenzied's Cookbook[1]
68410	Frenzied's Cookbook[2]