10000040	Name_10000040
10000041	Name_10000041
10000042	Name_10000042
10000043	Name_10000043
10000044	Name_10000044
10000045	Name_10000045
11000040	Name_11000040
11000041	Name_11000041
11000042	Name_11000042
11000043	Name_11000043
11000044	Name_11000044
11050040	Name_11050040
11050041	Name_11050041
12010040	Name_12010040
12010041	Name_12010041
12010042	Name_12010042
12010043	Name_12010043
12010044	Name_12010044
12010045	Name_12010045
12010046	Name_12010046
12020040	Name_12020040
12020041	Name_12020041
12020042	Name_12020042
12020043	Name_12020043
12020044	Name_12020044
12020045	Name_12020045
12020046	Name_12020046
12030040	Name_12030040
12030041	Name_12030041
12030042	Name_12030042
12030043	Name_12030043
12030044	Name_12030044
12050040	Name_12050040
12050041	Name_12050041
12050042	Name_12050042
12070040	Name_12070040
12070041	Name_12070041
13000040	Name_13000040
13000041	Name_13000041
13000042	Name_13000042
13000043	Name_13000043
13000044	Name_13000044
13000045	Name_13000045
13000046	Name_13000046
13000047	Name_13000047
14000040	Name_14000040
14000041	Name_14000041
14000042	Name_14000042
14000043	Name_14000043
15000040	Name_15000040
15000041	Name_15000041
15000042	Name_15000042
15000044	Name_15000044
15000045	Name_15000045
15000046	Name_15000046
15000047	Name_15000047
15000049	Name_15000049
16000040	Name_16000040
16000041	Name_16000041
16000042	Name_16000042
16000043	Name_16000043
16000044	Name_16000044
19000040	Name_19000040
30000040	Name_30000040
30010040	Name_30010040
30020040	Name_30020040
30110040	Name_30110040
30040040	Name_30040040
30050040	Name_30050040
30030040	Name_30030040
30060040	Name_30060040
30080040	Name_30080040
30090040	Name_30090040
30100040	Name_30100040
30120040	Name_30120040
30070040	Name_30070040
30140040	Name_30140040
30150040	Name_30150040
30160040	Name_30160040
30170040	Name_30170040
30180040	Name_30180040
30190040	Name_30190040
30200040	Name_30200040
31020040	Name_31020040
31010040	Name_31010040
31000040	Name_31000040
31030040	Name_31030040
31150040	Name_31150040
31170040	Name_31170040
31040040	Name_31040040
31050040	Name_31050040
31060040	Name_31060040
31070040	Name_31070040
31090040	Name_31090040
31180040	Name_31180040
31190040	Name_31190040
31210040	Name_31210040
31100040	Name_31100040
31200040	Name_31200040
31110040	Name_31110040
31120040	Name_31120040
31220040	Name_31220040
32000040	Name_32000040
32010040	Name_32010040
32020040	Name_32020040
32040040	Name_32040040
32050040	Name_32050040
32070040	Name_32070040
32080040	Name_32080040
32110040	Name_32110040
34100040	Name_34100040
34110040	Name_34110040
34120040	Name_34120040
34120041	Name_34120041
34130040	Name_34130040
35000040	Name_35000040
35000041	Name_35000041
35000042	Name_35000042
39200040	Name_39200040
39200041	Name_39200041
1060410040	Name_1060410040
1060420040	Name_1060420040
1060430040	Name_1060430040
1060430041	Name_1060430041
1060430042	Name_1060430042
1060430043	Name_1060430043
1060440040	Name_1060440040
1060330040	Name_1060330040
1060340040	Name_1060340040
1060340041	Name_1060340041
1060340043	Name_1060340043
1060350040	Name_1060350040
1060380040	Name_1060380040
1035530040	Name_1035530040
1036520040	Name_1036520040
1036540040	Name_1036540040
1036540041	Name_1036540041
1037530040	Name_1037530040
1038520040	Name_1038520040
1039540040	Name_1039540040
1040530040	Name_1040530040
1042540040	Name_1042540040
1044530040	Name_1044530040
1045520040	Name_1045520040
1046400040	Name_1046400040
1047400040	Name_1047400040
1048370040	Name_1048370040
1049380040	Name_1049380040
1049380041	Name_1049380041
1050400040	Name_1050400040
1051360040	Name_1051360040
1051370040	Name_1051370040
1051400040	Name_1051400040
1052410040	Name_1052410040
1047510840	Name_1047510840
1053570840	Name_1053570840
1052530840	Name_1052530840
1052570840	Name_1052570840
1051570840	Name_1051570840
1051570841	Name_1051570841
1049560840	Name_1049560840
1049570840	Name_1049570840